{"cameraMode":{"drawMode":0,"name":"Shaded","section":"Shading Mode"},"sceneLighting":true,"audioPlay":false,"sceneViewState":{"m_AlwaysRefresh":false,"showFog":true,"showSkybox":true,"showFlares":true,"showImageEffects":true,"showParticleSystems":true,"showVisualEffectGraphs":true,"m_FxEnabled":true},"in2DMode":false,"pivot":{"x":-1.9854326248168946,"y":12.373435020446778,"z":-2.482707977294922},"rotation":{"x":-0.12062258273363114,"y":-0.11971589922904968,"z":0.01465355884283781,"w":-0.985349178314209},"size":0.07637397944927216,"orthographic":false}