{"cameraMode":{"drawMode":0,"name":"Shaded","section":"Shading Mode"},"sceneLighting":false,"audioPlay":false,"sceneViewState":{"m_AlwaysRefresh":false,"showFog":true,"showSkybox":false,"showFlares":true,"showImageEffects":true,"showParticleSystems":true,"showVisualEffectGraphs":true,"m_FxEnabled":true},"in2DMode":false,"pivot":{"x":-0.6630839705467224,"y":-0.2609823942184448,"z":1.1373472213745118},"rotation":{"x":-0.06918708235025406,"y":0.04397713765501976,"z":-0.0030527645722031595,"w":-0.9966326951980591},"size":5.590762138366699,"orthographic":false}